,size,mean_cos_dist,median_cos_dist,max_cos_dist
Outlier,1,5.960464477539063e-08,5.960464477539063e-08,5.960464477539063e-08
B,2,0.13395708799362183,0.13395708799362183,0.13395726680755615
C,2,0.19418951869010925,0.19418951869010925,0.19418960809707642
A,3,0.19979925453662872,0.21558821201324463,0.2232379913330078
D,3,0.22259099781513214,0.24309861660003662,0.2719517946243286
E,4,0.30363935232162476,0.301541268825531,0.39712393283843994
